ID,JPEG_Files
593,"w0593_s01_pLND_r01.jpeg, w0593_s01_pPHR_r01.jpeg, w0593_s01_pWOZ_r01.jpeg, w0593_s02_pLND_r01.jpeg, w0593_s02_pPHR_r01.jpeg, w0593_s02_pWOZ_r01.jpeg, w0593_s03_pLND_r01.jpeg, w0593_s03_pPHR_r01.jpeg, w0593_s03_pWOZ_r01.jpeg"
375,"w0375_s01_pLND_r01.jpeg, w0375_s01_pPHR_r01.jpeg, w0375_s01_pWOZ_r01.jpeg, w0375_s02_pLND_r01.jpeg, w0375_s02_pPHR_r01.jpeg, w0375_s02_pWOZ_r01.jpeg, w0375_s03_pLND_r01.jpeg, w0375_s03_pPHR_r01.jpeg, w0375_s03_pWOZ_r01.jpeg"
541,"w0541_s01_pLND_r01.jpeg, w0541_s01_pPHR_r01.jpeg, w0541_s01_pWOZ_r01.jpeg, w0541_s02_pLND_r01.jpeg, w0541_s02_pPHR_r01.jpeg, w0541_s02_pWOZ_r01.jpeg, w0541_s03_pLND_r01.jpeg, w0541_s03_pPHR_r01.jpeg, w0541_s03_pWOZ_r01.jpeg"
270,"w0270_s01_pLND_r01.jpeg, w0270_s01_pPHR_r01.jpeg, w0270_s01_pWOZ_r01.jpeg, w0270_s02_pLND_r01.jpeg, w0270_s02_pPHR_r01.jpeg, w0270_s02_pWOZ_r01.jpeg, w0270_s03_pLND_r01.jpeg, w0270_s03_pPHR_r01.jpeg, w0270_s03_pWOZ_r01.jpeg"
648,"w0648_s01_pLND_r01.jpeg, w0648_s01_pPHR_r01.jpeg, w0648_s01_pWOZ_r01.jpeg, w0648_s02_pLND_r01.jpeg, w0648_s02_pPHR_r01.jpeg, w0648_s02_pWOZ_r01.jpeg, w0648_s03_pLND_r01.jpeg, w0648_s03_pPHR_r01.jpeg, w0648_s03_pWOZ_r01.jpeg"
454,"w0454_s01_pLND_r01.jpeg, w0454_s01_pPHR_r01.jpeg, w0454_s01_pWOZ_r01.jpeg, w0454_s02_pLND_r01.jpeg, w0454_s02_pPHR_r01.jpeg, w0454_s02_pWOZ_r01.jpeg, w0454_s03_pLND_r01.jpeg, w0454_s03_pPHR_r01.jpeg, w0454_s03_pWOZ_r01.jpeg"
218,"w0218_s01_pLND_r01.jpeg, w0218_s01_pPHR_r01.jpeg, w0218_s01_pWOZ_r01.jpeg, w0218_s02_pLND_r01.jpeg, w0218_s02_pPHR_r01.jpeg, w0218_s02_pWOZ_r01.jpeg, w0218_s03_pLND_r01.jpeg, w0218_s03_pPHR_r01.jpeg, w0218_s03_pWOZ_r01.jpeg"
175,"w0175_s01_pLND_r01.jpeg, w0175_s01_pPHR_r01.jpeg, w0175_s01_pWOZ_r01.jpeg, w0175_s02_pLND_r01.jpeg, w0175_s02_pPHR_r01.jpeg, w0175_s02_pWOZ_r01.jpeg, w0175_s03_pLND_r01.jpeg, w0175_s03_pPHR_r01.jpeg, w0175_s03_pWOZ_r01.jpeg"
493,"w0493_s01_pLND_r01.jpeg, w0493_s01_pPHR_r01.jpeg, w0493_s01_pWOZ_r01.jpeg, w0493_s02_pLND_r01.jpeg, w0493_s02_pPHR_r01.jpeg, w0493_s02_pWOZ_r01.jpeg, w0493_s03_pLND_r01.jpeg, w0493_s03_pPHR_r01.jpeg, w0493_s03_pWOZ_r01.jpeg"
484,"w0484_s01_pLND_r01.jpeg, w0484_s01_pPHR_r01.jpeg, w0484_s01_pWOZ_r01.jpeg, w0484_s02_pLND_r01.jpeg, w0484_s02_pPHR_r01.jpeg, w0484_s02_pWOZ_r01.jpeg, w0484_s03_pLND_r01.jpeg, w0484_s03_pPHR_r01.jpeg, w0484_s03_pWOZ_r01.jpeg"
546,"w0546_s01_pLND_r01.jpeg, w0546_s01_pPHR_r01.jpeg, w0546_s01_pWOZ_r01.jpeg, w0546_s02_pLND_r01.jpeg, w0546_s02_pPHR_r01.jpeg, w0546_s02_pWOZ_r01.jpeg, w0546_s03_pLND_r01.jpeg, w0546_s03_pPHR_r01.jpeg, w0546_s03_pWOZ_r01.jpeg"
632,"w0632_s01_pLND_r01.jpeg, w0632_s01_pPHR_r01.jpeg, w0632_s01_pWOZ_r01.jpeg, w0632_s02_pLND_r01.jpeg, w0632_s02_pPHR_r01.jpeg, w0632_s02_pWOZ_r01.jpeg, w0632_s03_pLND_r01.jpeg, w0632_s03_pPHR_r01.jpeg, w0632_s03_pWOZ_r01.jpeg"
223,"w0223_s01_pLND_r01.jpeg, w0223_s01_pPHR_r01.jpeg, w0223_s01_pWOZ_r01.jpeg, w0223_s02_pLND_r01.jpeg, w0223_s02_pPHR_r01.jpeg, w0223_s02_pWOZ_r01.jpeg, w0223_s03_pLND_r01.jpeg, w0223_s03_pPHR_r01.jpeg, w0223_s03_pWOZ_r01.jpeg"
606,"w0606_s01_pLND_r01.jpeg, w0606_s01_pPHR_r01.jpeg, w0606_s01_pWOZ_r01.jpeg, w0606_s02_pLND_r01.jpeg, w0606_s02_pPHR_r01.jpeg, w0606_s02_pWOZ_r01.jpeg, w0606_s03_pLND_r01.jpeg, w0606_s03_pPHR_r01.jpeg, w0606_s03_pWOZ_r01.jpeg"
422,"w0422_s01_pLND_r01.jpeg, w0422_s01_pPHR_r01.jpeg, w0422_s01_pWOZ_r01.jpeg, w0422_s02_pLND_r01.jpeg, w0422_s02_pPHR_r01.jpeg, w0422_s02_pWOZ_r01.jpeg, w0422_s03_pLND_r01.jpeg, w0422_s03_pPHR_r01.jpeg, w0422_s03_pWOZ_r01.jpeg"
565,"w0565_s01_pLND_r01.jpeg, w0565_s01_pPHR_r01.jpeg, w0565_s01_pWOZ_r01.jpeg, w0565_s02_pLND_r01.jpeg, w0565_s02_pPHR_r01.jpeg, w0565_s02_pWOZ_r01.jpeg, w0565_s03_pLND_r01.jpeg, w0565_s03_pPHR_r01.jpeg, w0565_s03_pWOZ_r01.jpeg"
712,"w0712_s01_pLND_r01.jpeg, w0712_s01_pPHR_r01.jpeg, w0712_s01_pWOZ_r01.jpeg, w0712_s02_pLND_r01.jpeg, w0712_s02_pPHR_r01.jpeg, w0712_s02_pWOZ_r01.jpeg, w0712_s03_pLND_r01.jpeg, w0712_s03_pPHR_r01.jpeg, w0712_s03_pWOZ_r01.jpeg"
710,"w0710_s01_pLND_r01.jpeg, w0710_s01_pPHR_r01.jpeg, w0710_s01_pWOZ_r01.jpeg, w0710_s02_pLND_r01.jpeg, w0710_s02_pPHR_r01.jpeg, w0710_s02_pWOZ_r01.jpeg, w0710_s03_pLND_r01.jpeg, w0710_s03_pPHR_r01.jpeg, w0710_s03_pWOZ_r01.jpeg"
458,"w0458_s01_pLND_r01.jpeg, w0458_s01_pPHR_r01.jpeg, w0458_s01_pWOZ_r01.jpeg, w0458_s02_pLND_r01.jpeg, w0458_s02_pPHR_r01.jpeg, w0458_s02_pWOZ_r01.jpeg, w0458_s03_pLND_r01.jpeg, w0458_s03_pPHR_r01.jpeg, w0458_s03_pWOZ_r01.jpeg"
25,"w0025_s01_pLND_r01.jpeg, w0025_s01_pPHR_r01.jpeg, w0025_s01_pWOZ_r01.jpeg, w0025_s02_pLND_r01.jpeg, w0025_s02_pPHR_r01.jpeg, w0025_s02_pWOZ_r01.jpeg, w0025_s03_pLND_r01.jpeg, w0025_s03_pPHR_r01.jpeg, w0025_s03_pWOZ_r01.jpeg, w0125_s01_pLND_r01.jpeg, w0125_s01_pPHR_r01.jpeg, w0125_s01_pWOZ_r01.jpeg, w0125_s02_pLND_r01.jpeg, w0125_s02_pPHR_r01.jpeg, w0125_s02_pWOZ_r01.jpeg, w0125_s03_pLND_r01.jpeg, w0125_s03_pPHR_r01.jpeg, w0125_s03_pWOZ_r01.jpeg, w0254_s01_pLND_r01.jpeg, w0254_s01_pPHR_r01.jpeg, w0254_s01_pWOZ_r01.jpeg, w0254_s02_pLND_r01.jpeg, w0254_s02_pPHR_r01.jpeg, w0254_s02_pWOZ_r01.jpeg, w0254_s03_pLND_r01.jpeg, w0254_s03_pPHR_r01.jpeg, w0254_s03_pWOZ_r01.jpeg, w0255_s01_pLND_r01.jpeg, w0255_s01_pPHR_r01.jpeg, w0255_s01_pWOZ_r01.jpeg, w0255_s02_pLND_r01.jpeg, w0255_s02_pPHR_r01.jpeg, w0255_s02_pWOZ_r01.jpeg, w0255_s03_pLND_r01.jpeg, w0255_s03_pPHR_r01.jpeg, w0255_s03_pWOZ_r01.jpeg, w0425_s01_pLND_r01.jpeg, w0425_s01_pPHR_r01.jpeg, w0425_s01_pWOZ_r01.jpeg, w0425_s02_pLND_r01.jpeg, w0425_s02_pPHR_r01.jpeg, w0425_s02_pWOZ_r01.jpeg, w0425_s03_pLND_r01.jpeg, w0425_s03_pPHR_r01.jpeg, w0425_s03_pWOZ_r01.jpeg, w0525_s01_pLND_r01.jpeg, w0525_s01_pPHR_r01.jpeg, w0525_s01_pWOZ_r01.jpeg, w0525_s02_pLND_r01.jpeg, w0525_s02_pPHR_r01.jpeg, w0525_s02_pWOZ_r01.jpeg, w0525_s03_pLND_r01.jpeg, w0525_s03_pPHR_r01.jpeg, w0525_s03_pWOZ_r01.jpeg"
531,"w0531_s01_pLND_r01.jpeg, w0531_s01_pPHR_r01.jpeg, w0531_s01_pWOZ_r01.jpeg, w0531_s02_pLND_r01.jpeg, w0531_s02_pPHR_r01.jpeg, w0531_s02_pWOZ_r01.jpeg, w0531_s03_pLND_r01.jpeg, w0531_s03_pPHR_r01.jpeg, w0531_s03_pWOZ_r01.jpeg"
186,"w0186_s01_pLND_r01.jpeg, w0186_s01_pPHR_r01.jpeg, w0186_s01_pWOZ_r01.jpeg, w0186_s02_pLND_r01.jpeg, w0186_s02_pPHR_r01.jpeg, w0186_s02_pWOZ_r01.jpeg, w0186_s03_pLND_r01.jpeg, w0186_s03_pPHR_r01.jpeg, w0186_s03_pWOZ_r01.jpeg"
542,"w0542_s01_pLND_r01.jpeg, w0542_s01_pPHR_r01.jpeg, w0542_s01_pWOZ_r01.jpeg, w0542_s02_pLND_r01.jpeg, w0542_s02_pPHR_r01.jpeg, w0542_s02_pWOZ_r01.jpeg, w0542_s03_pLND_r01.jpeg, w0542_s03_pPHR_r01.jpeg, w0542_s03_pWOZ_r01.jpeg"
293,"w0293_s01_pLND_r01.jpeg, w0293_s01_pPHR_r01.jpeg, w0293_s01_pWOZ_r01.jpeg, w0293_s02_pLND_r01.jpeg, w0293_s02_pPHR_r01.jpeg, w0293_s02_pWOZ_r01.jpeg, w0293_s03_pLND_r01.jpeg, w0293_s03_pPHR_r01.jpeg, w0293_s03_pWOZ_r01.jpeg"
130,"w0130_s01_pLND_r01.jpeg, w0130_s01_pPHR_r01.jpeg, w0130_s01_pWOZ_r01.jpeg, w0130_s02_pLND_r01.jpeg, w0130_s02_pPHR_r01.jpeg, w0130_s02_pWOZ_r01.jpeg, w0130_s03_pLND_r01.jpeg, w0130_s03_pPHR_r01.jpeg, w0130_s03_pWOZ_r01.jpeg"
703,"w0703_s01_pLND_r01.jpeg, w0703_s01_pPHR_r01.jpeg, w0703_s01_pWOZ_r01.jpeg, w0703_s02_pLND_r01.jpeg, w0703_s02_pPHR_r01.jpeg, w0703_s02_pWOZ_r01.jpeg, w0703_s03_pLND_r01.jpeg, w0703_s03_pPHR_r01.jpeg, w0703_s03_pWOZ_r01.jpeg"
125,"w0125_s01_pLND_r01.jpeg, w0125_s01_pPHR_r01.jpeg, w0125_s01_pWOZ_r01.jpeg, w0125_s02_pLND_r01.jpeg, w0125_s02_pPHR_r01.jpeg, w0125_s02_pWOZ_r01.jpeg, w0125_s03_pLND_r01.jpeg, w0125_s03_pPHR_r01.jpeg, w0125_s03_pWOZ_r01.jpeg"
431,"w0431_s01_pLND_r01.jpeg, w0431_s01_pPHR_r01.jpeg, w0431_s01_pWOZ_r01.jpeg, w0431_s02_pLND_r01.jpeg, w0431_s02_pPHR_r01.jpeg, w0431_s02_pWOZ_r01.jpeg, w0431_s03_pLND_r01.jpeg, w0431_s03_pPHR_r01.jpeg, w0431_s03_pWOZ_r01.jpeg"
333,"w0333_s01_pLND_r01.jpeg, w0333_s01_pPHR_r01.jpeg, w0333_s01_pWOZ_r01.jpeg, w0333_s02_pLND_r01.jpeg, w0333_s02_pPHR_r01.jpeg, w0333_s02_pWOZ_r01.jpeg, w0333_s03_pLND_r01.jpeg, w0333_s03_pPHR_r01.jpeg, w0333_s03_pWOZ_r01.jpeg"
402,"w0402_s01_pLND_r01.jpeg, w0402_s01_pPHR_r01.jpeg, w0402_s01_pWOZ_r01.jpeg, w0402_s02_pLND_r01.jpeg, w0402_s02_pPHR_r01.jpeg, w0402_s02_pWOZ_r01.jpeg, w0402_s03_pLND_r01.jpeg, w0402_s03_pPHR_r01.jpeg, w0402_s03_pWOZ_r01.jpeg"
69,"w0069_s01_pLND_r01.jpeg, w0069_s01_pPHR_r01.jpeg, w0069_s01_pWOZ_r01.jpeg, w0069_s02_pLND_r01.jpeg, w0069_s02_pPHR_r01.jpeg, w0069_s02_pWOZ_r01.jpeg, w0069_s03_pLND_r01.jpeg, w0069_s03_pPHR_r01.jpeg, w0069_s03_pWOZ_r01.jpeg, w0469_s01_pLND_r01.jpeg, w0469_s01_pPHR_r01.jpeg, w0469_s01_pWOZ_r01.jpeg, w0469_s02_pLND_r01.jpeg, w0469_s02_pPHR_r01.jpeg, w0469_s02_pWOZ_r01.jpeg, w0469_s03_pLND_r01.jpeg, w0469_s03_pPHR_r01.jpeg, w0469_s03_pWOZ_r01.jpeg, w0569_s01_pLND_r01.jpeg, w0569_s01_pPHR_r01.jpeg, w0569_s01_pWOZ_r01.jpeg, w0569_s02_pLND_r01.jpeg, w0569_s02_pPHR_r01.jpeg, w0569_s02_pWOZ_r01.jpeg, w0569_s03_pLND_r01.jpeg, w0569_s03_pPHR_r01.jpeg, w0569_s03_pWOZ_r01.jpeg, w0669_s01_pLND_r01.jpeg, w0669_s01_pPHR_r01.jpeg, w0669_s01_pWOZ_r01.jpeg, w0669_s02_pLND_r01.jpeg, w0669_s02_pPHR_r01.jpeg, w0669_s02_pWOZ_r01.jpeg, w0669_s03_pLND_r01.jpeg, w0669_s03_pPHR_r01.jpeg, w0669_s03_pWOZ_r01.jpeg, w0691_s01_pLND_r01.jpeg, w0691_s01_pPHR_r01.jpeg, w0691_s01_pWOZ_r01.jpeg, w0691_s02_pLND_r01.jpeg, w0691_s02_pPHR_r01.jpeg, w0691_s02_pWOZ_r01.jpeg, w0691_s03_pLND_r01.jpeg, w0691_s03_pPHR_r01.jpeg, w0691_s03_pWOZ_r01.jpeg, w0692_s01_pLND_r01.jpeg, w0692_s01_pPHR_r01.jpeg, w0692_s01_pWOZ_r01.jpeg, w0692_s02_pLND_r01.jpeg, w0692_s02_pPHR_r01.jpeg, w0692_s02_pWOZ_r01.jpeg, w0692_s03_pLND_r01.jpeg, w0692_s03_pPHR_r01.jpeg, w0692_s03_pWOZ_r01.jpeg, w0693_s01_pLND_r01.jpeg, w0693_s01_pPHR_r01.jpeg, w0693_s01_pWOZ_r01.jpeg, w0693_s02_pLND_r01.jpeg, w0693_s02_pPHR_r01.jpeg, w0693_s02_pWOZ_r01.jpeg, w0693_s03_pLND_r01.jpeg, w0693_s03_pPHR_r01.jpeg, w0693_s03_pWOZ_r01.jpeg, w0694_s01_pLND_r01.jpeg, w0694_s01_pPHR_r01.jpeg, w0694_s01_pWOZ_r01.jpeg, w0694_s02_pLND_r01.jpeg, w0694_s02_pPHR_r01.jpeg, w0694_s02_pWOZ_r01.jpeg, w0694_s03_pLND_r01.jpeg, w0694_s03_pPHR_r01.jpeg, w0694_s03_pWOZ_r01.jpeg, w0695_s01_pLND_r01.jpeg, w0695_s01_pPHR_r01.jpeg, w0695_s01_pWOZ_r01.jpeg, w0695_s02_pLND_r01.jpeg, w0695_s02_pPHR_r01.jpeg, w0695_s02_pWOZ_r01.jpeg, w0695_s03_pLND_r01.jpeg, w0695_s03_pPHR_r01.jpeg, w0695_s03_pWOZ_r01.jpeg, w0698_s01_pLND_r01.jpeg, w0698_s01_pPHR_r01.jpeg, w0698_s01_pWOZ_r01.jpeg, w0698_s02_pLND_r01.jpeg, w0698_s02_pPHR_r01.jpeg, w0698_s02_pWOZ_r01.jpeg, w0698_s03_pLND_r01.jpeg, w0698_s03_pPHR_r01.jpeg, w0698_s03_pWOZ_r01.jpeg, w0699_s01_pLND_r01.jpeg, w0699_s01_pPHR_r01.jpeg, w0699_s01_pWOZ_r01.jpeg, w0699_s02_pLND_r01.jpeg, w0699_s02_pPHR_r01.jpeg, w0699_s02_pWOZ_r01.jpeg, w0699_s03_pLND_r01.jpeg, w0699_s03_pPHR_r01.jpeg, w0699_s03_pWOZ_r01.jpeg"
287,"w0287_s01_pLND_r01.jpeg, w0287_s01_pPHR_r01.jpeg, w0287_s01_pWOZ_r01.jpeg, w0287_s02_pLND_r01.jpeg, w0287_s02_pPHR_r01.jpeg, w0287_s02_pWOZ_r01.jpeg, w0287_s03_pLND_r01.jpeg, w0287_s03_pPHR_r01.jpeg, w0287_s03_pWOZ_r01.jpeg"
638,"w0638_s01_pLND_r01.jpeg, w0638_s01_pPHR_r01.jpeg, w0638_s01_pWOZ_r01.jpeg, w0638_s02_pLND_r01.jpeg, w0638_s02_pPHR_r01.jpeg, w0638_s02_pWOZ_r01.jpeg, w0638_s03_pLND_r01.jpeg, w0638_s03_pPHR_r01.jpeg, w0638_s03_pWOZ_r01.jpeg"
38,"w0038_s01_pLND_r01.jpeg, w0038_s01_pPHR_r01.jpeg, w0038_s01_pWOZ_r01.jpeg, w0038_s02_pLND_r01.jpeg, w0038_s02_pPHR_r01.jpeg, w0038_s02_pWOZ_r01.jpeg, w0038_s03_pLND_r01.jpeg, w0038_s03_pPHR_r01.jpeg, w0038_s03_pWOZ_r01.jpeg, w0138_s01_pLND_r01.jpeg, w0138_s01_pPHR_r01.jpeg, w0138_s01_pWOZ_r01.jpeg, w0138_s02_pLND_r01.jpeg, w0138_s02_pPHR_r01.jpeg, w0138_s02_pWOZ_r01.jpeg, w0138_s03_pLND_r01.jpeg, w0138_s03_pPHR_r01.jpeg, w0138_s03_pWOZ_r01.jpeg, w0238_s01_pLND_r01.jpeg, w0238_s01_pPHR_r01.jpeg, w0238_s01_pWOZ_r01.jpeg, w0238_s02_pLND_r01.jpeg, w0238_s02_pPHR_r01.jpeg, w0238_s02_pWOZ_r01.jpeg, w0238_s03_pLND_r01.jpeg, w0238_s03_pPHR_r01.jpeg, w0238_s03_pWOZ_r01.jpeg, w0338_s01_pLND_r01.jpeg, w0338_s01_pPHR_r01.jpeg, w0338_s01_pWOZ_r01.jpeg, w0338_s02_pLND_r01.jpeg, w0338_s02_pPHR_r01.jpeg, w0338_s02_pWOZ_r01.jpeg, w0338_s03_pLND_r01.jpeg, w0338_s03_pPHR_r01.jpeg, w0338_s03_pWOZ_r01.jpeg, w0380_s01_pLND_r01.jpeg, w0380_s01_pPHR_r01.jpeg, w0380_s01_pWOZ_r01.jpeg, w0380_s02_pLND_r01.jpeg, w0380_s02_pPHR_r01.jpeg, w0380_s02_pWOZ_r01.jpeg, w0380_s03_pLND_r01.jpeg, w0380_s03_pPHR_r01.jpeg, w0380_s03_pWOZ_r01.jpeg, w0381_s01_pLND_r01.jpeg, w0381_s01_pPHR_r01.jpeg, w0381_s01_pWOZ_r01.jpeg, w0381_s02_pLND_r01.jpeg, w0381_s02_pPHR_r01.jpeg, w0381_s02_pWOZ_r01.jpeg, w0381_s03_pLND_r01.jpeg, w0381_s03_pPHR_r01.jpeg, w0381_s03_pWOZ_r01.jpeg, w0382_s01_pLND_r01.jpeg, w0382_s01_pPHR_r01.jpeg, w0382_s01_pWOZ_r01.jpeg, w0382_s02_pLND_r01.jpeg, w0382_s02_pPHR_r01.jpeg, w0382_s02_pWOZ_r01.jpeg, w0382_s03_pLND_r01.jpeg, w0382_s03_pPHR_r01.jpeg, w0382_s03_pWOZ_r01.jpeg, w0383_s01_pLND_r01.jpeg, w0383_s01_pPHR_r01.jpeg, w0383_s01_pWOZ_r01.jpeg, w0383_s02_pLND_r01.jpeg, w0383_s02_pPHR_r01.jpeg, w0383_s02_pWOZ_r01.jpeg, w0383_s03_pLND_r01.jpeg, w0383_s03_pPHR_r01.jpeg, w0383_s03_pWOZ_r01.jpeg, w0384_s01_pLND_r01.jpeg, w0384_s01_pPHR_r01.jpeg, w0384_s01_pWOZ_r01.jpeg, w0384_s02_pLND_r01.jpeg, w0384_s02_pPHR_r01.jpeg, w0384_s02_pWOZ_r01.jpeg, w0384_s03_pLND_r01.jpeg, w0384_s03_pPHR_r01.jpeg, w0384_s03_pWOZ_r01.jpeg, w0387_s01_pLND_r01.jpeg, w0387_s01_pPHR_r01.jpeg, w0387_s01_pWOZ_r01.jpeg, w0387_s02_pLND_r01.jpeg, w0387_s02_pPHR_r01.jpeg, w0387_s02_pWOZ_r01.jpeg, w0387_s03_pLND_r01.jpeg, w0387_s03_pPHR_r01.jpeg, w0387_s03_pWOZ_r01.jpeg, w0388_s01_pLND_r01.jpeg, w0388_s01_pPHR_r01.jpeg, w0388_s01_pWOZ_r01.jpeg, w0388_s02_pLND_r01.jpeg, w0388_s02_pPHR_r01.jpeg, w0388_s02_pWOZ_r01.jpeg, w0388_s03_pLND_r01.jpeg, w0388_s03_pPHR_r01.jpeg, w0388_s03_pWOZ_r01.jpeg, w0538_s01_pLND_r01.jpeg, w0538_s01_pPHR_r01.jpeg, w0538_s01_pWOZ_r01.jpeg, w0538_s02_pLND_r01.jpeg, w0538_s02_pPHR_r01.jpeg, w0538_s02_pWOZ_r01.jpeg, w0538_s03_pLND_r01.jpeg, w0538_s03_pPHR_r01.jpeg, w0538_s03_pWOZ_r01.jpeg, w0638_s01_pLND_r01.jpeg, w0638_s01_pPHR_r01.jpeg, w0638_s01_pWOZ_r01.jpeg, w0638_s02_pLND_r01.jpeg, w0638_s02_pPHR_r01.jpeg, w0638_s02_pWOZ_r01.jpeg, w0638_s03_pLND_r01.jpeg, w0638_s03_pPHR_r01.jpeg, w0638_s03_pWOZ_r01.jpeg"
124,"w0124_s01_pLND_r01.jpeg, w0124_s01_pPHR_r01.jpeg, w0124_s01_pWOZ_r01.jpeg, w0124_s02_pLND_r01.jpeg, w0124_s02_pPHR_r01.jpeg, w0124_s02_pWOZ_r01.jpeg, w0124_s03_pLND_r01.jpeg, w0124_s03_pPHR_r01.jpeg, w0124_s03_pWOZ_r01.jpeg"
23,"w0023_s01_pLND_r01.jpeg, w0023_s01_pPHR_r01.jpeg, w0023_s01_pWOZ_r01.jpeg, w0023_s02_pLND_r01.jpeg, w0023_s02_pPHR_r01.jpeg, w0023_s02_pWOZ_r01.jpeg, w0023_s03_pLND_r01.jpeg, w0023_s03_pPHR_r01.jpeg, w0023_s03_pWOZ_r01.jpeg, w0123_s01_pLND_r01.jpeg, w0123_s01_pPHR_r01.jpeg, w0123_s01_pWOZ_r01.jpeg, w0123_s02_pLND_r01.jpeg, w0123_s02_pPHR_r01.jpeg, w0123_s02_pWOZ_r01.jpeg, w0123_s03_pLND_r01.jpeg, w0123_s03_pPHR_r01.jpeg, w0123_s03_pWOZ_r01.jpeg, w0223_s01_pLND_r01.jpeg, w0223_s01_pPHR_r01.jpeg, w0223_s01_pWOZ_r01.jpeg, w0223_s02_pLND_r01.jpeg, w0223_s02_pPHR_r01.jpeg, w0223_s02_pWOZ_r01.jpeg, w0223_s03_pLND_r01.jpeg, w0223_s03_pPHR_r01.jpeg, w0223_s03_pWOZ_r01.jpeg, w0232_s01_pLND_r01.jpeg, w0232_s01_pPHR_r01.jpeg, w0232_s01_pWOZ_r01.jpeg, w0232_s02_pLND_r01.jpeg, w0232_s02_pPHR_r01.jpeg, w0232_s02_pWOZ_r01.jpeg, w0232_s03_pLND_r01.jpeg, w0232_s03_pPHR_r01.jpeg, w0232_s03_pWOZ_r01.jpeg, w0233_s01_pLND_r01.jpeg, w0233_s01_pPHR_r01.jpeg, w0233_s01_pWOZ_r01.jpeg, w0233_s02_pLND_r01.jpeg, w0233_s02_pPHR_r01.jpeg, w0233_s02_pWOZ_r01.jpeg, w0233_s03_pLND_r01.jpeg, w0233_s03_pPHR_r01.jpeg, w0233_s03_pWOZ_r01.jpeg, w0234_s01_pLND_r01.jpeg, w0234_s01_pPHR_r01.jpeg, w0234_s01_pWOZ_r01.jpeg, w0234_s02_pLND_r01.jpeg, w0234_s02_pPHR_r01.jpeg, w0234_s02_pWOZ_r01.jpeg, w0234_s03_pLND_r01.jpeg, w0234_s03_pPHR_r01.jpeg, w0234_s03_pWOZ_r01.jpeg, w0238_s01_pLND_r01.jpeg, w0238_s01_pPHR_r01.jpeg, w0238_s01_pWOZ_r01.jpeg, w0238_s02_pLND_r01.jpeg, w0238_s02_pPHR_r01.jpeg, w0238_s02_pWOZ_r01.jpeg, w0238_s03_pLND_r01.jpeg, w0238_s03_pPHR_r01.jpeg, w0238_s03_pWOZ_r01.jpeg, w0239_s01_pLND_r01.jpeg, w0239_s01_pPHR_r01.jpeg, w0239_s01_pWOZ_r01.jpeg, w0239_s02_pLND_r01.jpeg, w0239_s02_pPHR_r01.jpeg, w0239_s02_pWOZ_r01.jpeg, w0239_s03_pLND_r01.jpeg, w0239_s03_pPHR_r01.jpeg, w0239_s03_pWOZ_r01.jpeg, w0523_s01_pLND_r01.jpeg, w0523_s01_pPHR_r01.jpeg, w0523_s01_pWOZ_r01.jpeg, w0523_s02_pLND_r01.jpeg, w0523_s02_pPHR_r01.jpeg, w0523_s02_pWOZ_r01.jpeg, w0523_s03_pLND_r01.jpeg, w0523_s03_pPHR_r01.jpeg, w0523_s03_pWOZ_r01.jpeg, w0623_s01_pLND_r01.jpeg, w0623_s01_pPHR_r01.jpeg, w0623_s01_pWOZ_r01.jpeg, w0623_s02_pLND_r01.jpeg, w0623_s02_pPHR_r01.jpeg, w0623_s02_pWOZ_r01.jpeg, w0623_s03_pLND_r01.jpeg, w0623_s03_pPHR_r01.jpeg, w0623_s03_pWOZ_r01.jpeg"
184,"w0184_s01_pLND_r01.jpeg, w0184_s01_pPHR_r01.jpeg, w0184_s01_pWOZ_r01.jpeg, w0184_s02_pLND_r01.jpeg, w0184_s02_pPHR_r01.jpeg, w0184_s02_pWOZ_r01.jpeg, w0184_s03_pLND_r01.jpeg, w0184_s03_pPHR_r01.jpeg, w0184_s03_pWOZ_r01.jpeg"
136,"w0136_s01_pLND_r01.jpeg, w0136_s01_pPHR_r01.jpeg, w0136_s01_pWOZ_r01.jpeg, w0136_s02_pLND_r01.jpeg, w0136_s02_pPHR_r01.jpeg, w0136_s02_pWOZ_r01.jpeg, w0136_s03_pLND_r01.jpeg, w0136_s03_pPHR_r01.jpeg, w0136_s03_pWOZ_r01.jpeg"
444,"w0444_s01_pLND_r01.jpeg, w0444_s01_pPHR_r01.jpeg, w0444_s01_pWOZ_r01.jpeg, w0444_s02_pLND_r01.jpeg, w0444_s02_pPHR_r01.jpeg, w0444_s02_pWOZ_r01.jpeg, w0444_s03_pLND_r01.jpeg, w0444_s03_pPHR_r01.jpeg, w0444_s03_pWOZ_r01.jpeg"
660,"w0660_s01_pLND_r01.jpeg, w0660_s01_pPHR_r01.jpeg, w0660_s01_pWOZ_r01.jpeg, w0660_s02_pLND_r01.jpeg, w0660_s02_pPHR_r01.jpeg, w0660_s02_pWOZ_r01.jpeg, w0660_s03_pLND_r01.jpeg, w0660_s03_pPHR_r01.jpeg, w0660_s03_pWOZ_r01.jpeg"
63,"w0063_s01_pLND_r01.jpeg, w0063_s01_pPHR_r01.jpeg, w0063_s01_pWOZ_r01.jpeg, w0063_s02_pLND_r01.jpeg, w0063_s02_pPHR_r01.jpeg, w0063_s02_pWOZ_r01.jpeg, w0063_s03_pLND_r01.jpeg, w0063_s03_pPHR_r01.jpeg, w0063_s03_pWOZ_r01.jpeg, w0263_s01_pLND_r01.jpeg, w0263_s01_pPHR_r01.jpeg, w0263_s01_pWOZ_r01.jpeg, w0263_s02_pLND_r01.jpeg, w0263_s02_pPHR_r01.jpeg, w0263_s02_pWOZ_r01.jpeg, w0263_s03_pLND_r01.jpeg, w0263_s03_pPHR_r01.jpeg, w0263_s03_pWOZ_r01.jpeg, w0463_s01_pLND_r01.jpeg, w0463_s01_pPHR_r01.jpeg, w0463_s01_pWOZ_r01.jpeg, w0463_s02_pLND_r01.jpeg, w0463_s02_pPHR_r01.jpeg, w0463_s02_pWOZ_r01.jpeg, w0463_s03_pLND_r01.jpeg, w0463_s03_pPHR_r01.jpeg, w0463_s03_pWOZ_r01.jpeg, w0630_s01_pLND_r01.jpeg, w0630_s01_pPHR_r01.jpeg, w0630_s01_pWOZ_r01.jpeg, w0630_s02_pLND_r01.jpeg, w0630_s02_pPHR_r01.jpeg, w0630_s02_pWOZ_r01.jpeg, w0630_s03_pLND_r01.jpeg, w0630_s03_pPHR_r01.jpeg, w0630_s03_pWOZ_r01.jpeg, w0632_s01_pLND_r01.jpeg, w0632_s01_pPHR_r01.jpeg, w0632_s01_pWOZ_r01.jpeg, w0632_s02_pLND_r01.jpeg, w0632_s02_pPHR_r01.jpeg, w0632_s02_pWOZ_r01.jpeg, w0632_s03_pLND_r01.jpeg, w0632_s03_pPHR_r01.jpeg, w0632_s03_pWOZ_r01.jpeg, w0634_s01_pLND_r01.jpeg, w0634_s01_pPHR_r01.jpeg, w0634_s01_pWOZ_r01.jpeg, w0634_s02_pLND_r01.jpeg, w0634_s02_pPHR_r01.jpeg, w0634_s02_pWOZ_r01.jpeg, w0634_s03_pLND_r01.jpeg, w0634_s03_pPHR_r01.jpeg, w0634_s03_pWOZ_r01.jpeg, w0636_s01_pLND_r01.jpeg, w0636_s01_pPHR_r01.jpeg, w0636_s01_pWOZ_r01.jpeg, w0636_s02_pLND_r01.jpeg, w0636_s02_pPHR_r01.jpeg, w0636_s02_pWOZ_r01.jpeg, w0636_s03_pLND_r01.jpeg, w0636_s03_pPHR_r01.jpeg, w0636_s03_pWOZ_r01.jpeg, w0637_s01_pLND_r01.jpeg, w0637_s01_pPHR_r01.jpeg, w0637_s01_pWOZ_r01.jpeg, w0637_s02_pLND_r01.jpeg, w0637_s02_pPHR_r01.jpeg, w0637_s02_pWOZ_r01.jpeg, w0637_s03_pLND_r01.jpeg, w0637_s03_pPHR_r01.jpeg, w0637_s03_pWOZ_r01.jpeg, w0638_s01_pLND_r01.jpeg, w0638_s01_pPHR_r01.jpeg, w0638_s01_pWOZ_r01.jpeg, w0638_s02_pLND_r01.jpeg, w0638_s02_pPHR_r01.jpeg, w0638_s02_pWOZ_r01.jpeg, w0638_s03_pLND_r01.jpeg, w0638_s03_pPHR_r01.jpeg, w0638_s03_pWOZ_r01.jpeg, w0639_s01_pLND_r01.jpeg, w0639_s01_pPHR_r01.jpeg, w0639_s01_pWOZ_r01.jpeg, w0639_s02_pLND_r01.jpeg, w0639_s02_pPHR_r01.jpeg, w0639_s02_pWOZ_r01.jpeg, w0639_s03_pLND_r01.jpeg, w0639_s03_pPHR_r01.jpeg, w0639_s03_pWOZ_r01.jpeg"
368,"w0368_s01_pLND_r01.jpeg, w0368_s01_pPHR_r01.jpeg, w0368_s01_pWOZ_r01.jpeg, w0368_s02_pLND_r01.jpeg, w0368_s02_pPHR_r01.jpeg, w0368_s02_pWOZ_r01.jpeg, w0368_s03_pLND_r01.jpeg, w0368_s03_pPHR_r01.jpeg, w0368_s03_pWOZ_r01.jpeg"
699,"w0699_s01_pLND_r01.jpeg, w0699_s01_pPHR_r01.jpeg, w0699_s01_pWOZ_r01.jpeg, w0699_s02_pLND_r01.jpeg, w0699_s02_pPHR_r01.jpeg, w0699_s02_pWOZ_r01.jpeg, w0699_s03_pLND_r01.jpeg, w0699_s03_pPHR_r01.jpeg, w0699_s03_pWOZ_r01.jpeg"
598,"w0598_s01_pLND_r01.jpeg, w0598_s01_pPHR_r01.jpeg, w0598_s01_pWOZ_r01.jpeg, w0598_s02_pLND_r01.jpeg, w0598_s02_pPHR_r01.jpeg, w0598_s02_pWOZ_r01.jpeg, w0598_s03_pLND_r01.jpeg, w0598_s03_pPHR_r01.jpeg, w0598_s03_pWOZ_r01.jpeg"
440,"w0440_s01_pLND_r01.jpeg, w0440_s01_pPHR_r01.jpeg, w0440_s01_pWOZ_r01.jpeg, w0440_s02_pLND_r01.jpeg, w0440_s02_pPHR_r01.jpeg, w0440_s02_pWOZ_r01.jpeg, w0440_s03_pLND_r01.jpeg, w0440_s03_pPHR_r01.jpeg, w0440_s03_pWOZ_r01.jpeg"
74,"w0074_s01_pLND_r01.jpeg, w0074_s01_pPHR_r01.jpeg, w0074_s01_pWOZ_r01.jpeg, w0074_s02_pLND_r01.jpeg, w0074_s02_pPHR_r01.jpeg, w0074_s02_pWOZ_r01.jpeg, w0074_s03_pLND_r01.jpeg, w0074_s03_pPHR_r01.jpeg, w0074_s03_pWOZ_r01.jpeg, w0474_s01_pLND_r01.jpeg, w0474_s01_pPHR_r01.jpeg, w0474_s01_pWOZ_r01.jpeg, w0474_s02_pLND_r01.jpeg, w0474_s02_pPHR_r01.jpeg, w0474_s02_pWOZ_r01.jpeg, w0474_s03_pLND_r01.jpeg, w0474_s03_pPHR_r01.jpeg, w0474_s03_pWOZ_r01.jpeg, w0674_s01_pLND_r01.jpeg, w0674_s01_pPHR_r01.jpeg, w0674_s01_pWOZ_r01.jpeg, w0674_s02_pLND_r01.jpeg, w0674_s02_pPHR_r01.jpeg, w0674_s02_pWOZ_r01.jpeg, w0674_s03_pLND_r01.jpeg, w0674_s03_pPHR_r01.jpeg, w0674_s03_pWOZ_r01.jpeg"
